{"content":[{"id":"665615cc","settings":{"height":"min-height","custom_height":{"unit":"px","size":300,"sizes":[]},"background_background":"classic","background_image":{"url":"https:\/\/farjanawp.com\/ecm2\/wp-content\/uploads\/2023\/01\/slide-bg-2.jpg","id":573,"alt":"","source":"library"},"background_position":"top right","background_repeat":"no-repeat","background_size":"cover","padding":{"unit":"px","top":"0","right":"30","bottom":"0","left":"30","isLinked":false},"layout":"full_width","stretch_section":"section-stretched","background_color":"#EEEEEE","custom_height_tablet":{"unit":"px","size":250,"sizes":[]},"custom_height_mobile":{"unit":"px","size":200,"sizes":[]},"background_overlay_background":"gradient","background_overlay_color":"#F0EEEE","background_overlay_color_b":"#DD9420","background_overlay_opacity":{"unit":"px","size":0.689999999999999946709294817992486059665679931640625,"sizes":[]}},"elements":[{"id":"290c391b","settings":{"_column_size":100,"_inline_size":null},"elements":[{"id":"12d337a5","settings":{"title":"About Us","align":"center","title_color":"#111111","typography_typography":"custom","typography_font_family":"Oswald","typography_font_size":{"unit":"px","size":75,"sizes":[]},"typography_font_size_tablet":{"unit":"px","size":50,"sizes":[]},"typography_font_size_mobile":{"unit":"px","size":40,"sizes":[]},"typography_font_weight":"400","typography_text_transform":"uppercase"},"elements":[],"isInner":false,"widgetType":"heading","elType":"widget"}],"isInner":false,"elType":"column"}],"isInner":false,"elType":"section"},{"id":"45b83480","settings":{"gap":"wider","structure":"20"},"elements":[{"id":"112494e7","settings":{"_column_size":50,"_inline_size":null,"background_background":"classic","background_image":{"url":"https:\/\/farjanawp.com\/ecm2\/wp-content\/uploads\/2023\/01\/banner.png","id":346,"alt":"","source":"library"},"background_position":"center center","background_position_tablet":"center center","background_repeat":"no-repeat","background_size":"cover"},"elements":[{"id":"58953765","settings":{"space_mobile":{"unit":"px","size":300,"sizes":[]}},"elements":[],"isInner":false,"widgetType":"spacer","elType":"widget"}],"isInner":false,"elType":"column"},{"id":"d0ab69a","settings":{"_column_size":50,"_inline_size":null,"space_between_widgets":0},"elements":[{"id":"29bd44fd","settings":{"width":{"unit":"%","size":47,"sizes":[]},"align":"left","look":"line_text","text":"Who we are","text_color":"#000000","typography_typography":"custom","typography_font_family":"Poppins","typography_font_size":{"unit":"px","size":20,"sizes":[]},"width_tablet":{"unit":"%","size":41,"sizes":[]},"width_mobile":{"unit":"%","size":90,"sizes":[]},"typography_font_size_tablet":{"unit":"px","size":16,"sizes":[]},"typography_font_size_mobile":{"unit":"px","size":14,"sizes":[]},"typography_line_height_mobile":{"unit":"em","size":1.399999999999999911182158029987476766109466552734375,"sizes":[]},"align_mobile":"center"},"elements":[],"isInner":false,"widgetType":"divider","elType":"widget"},{"id":"5c860ac8","settings":{"title":"About Us","typography_typography":"custom","typography_font_family":"Oswald","typography_font_size":{"unit":"px","size":65,"sizes":[]},"typography_text_transform":"uppercase","typography_line_height":{"unit":"em","size":1.1999999999999999555910790149937383830547332763671875,"sizes":[]},"align":"left","title_color":"#000000","typography_font_weight":"400","typography_font_size_tablet":{"unit":"px","size":40,"sizes":[]},"typography_font_size_mobile":{"unit":"px","size":30,"sizes":[]},"align_mobile":"center"},"elements":[],"isInner":false,"widgetType":"heading","elType":"widget"},{"id":"74278731","settings":{"editor":"<p>Lorem Ipsum is simply dummy text of the printing and typesetting industry. Lorem Ipsum has been the industry's standard dummy text ever since the 1500s, when an unknown printer took a galley of type and scrambled it to make a type specimen book.<\/p><p>It has survived not only five centuries, but also the leap into electronic typesetting, remaining essentially unchanged. It was popularised in the 1960s with the release of Letraset sheets containing Lorem Ipsum passages, and more recently with desktop publishing software like Aldus PageMaker including versions of Lorem Ipsum.<br \/>Why do we use it?<\/p><p>It is a long established fact that a reader will be distracted by the readable content of a page when looking at its layout.<\/p>","align_mobile":"center","text_color":"#111111","typography_typography":"custom","typography_font_family":"Poppins","_margin":{"unit":"px","top":"20","right":"0","bottom":"0","left":"0","isLinked":false}},"elements":[],"isInner":false,"widgetType":"text-editor","elType":"widget"}],"isInner":false,"elType":"column"}],"isInner":false,"elType":"section"}],"page_settings":[],"version":"0.4","title":"About","type":"page"}