{"content":[{"id":"4f9bca50","settings":{"height":"min-height","custom_height":{"unit":"px","size":300,"sizes":[]},"background_background":"classic","background_image":{"url":"https:\/\/farjanawp.com\/ecm2\/wp-content\/uploads\/2023\/01\/slide-bg-2.jpg","id":573,"alt":"","source":"library"},"background_position":"top right","background_repeat":"no-repeat","background_size":"cover","padding":{"unit":"px","top":"0","right":"30","bottom":"0","left":"30","isLinked":false},"layout":"full_width","stretch_section":"section-stretched","background_color":"#EEEEEE","custom_height_tablet":{"unit":"px","size":250,"sizes":[]},"custom_height_mobile":{"unit":"px","size":200,"sizes":[]},"background_overlay_background":"gradient","background_overlay_color":"#F0EEEE","background_overlay_color_b":"#DD9420","background_overlay_opacity":{"unit":"px","size":0.689999999999999946709294817992486059665679931640625,"sizes":[]}},"elements":[{"id":"318eb745","settings":{"_column_size":100,"_inline_size":null},"elements":[{"id":"4b8968a9","settings":{"title":"Contact Us","align":"center","title_color":"#111111","typography_typography":"custom","typography_font_family":"Oswald","typography_font_size":{"unit":"px","size":75,"sizes":[]},"typography_font_size_tablet":{"unit":"px","size":50,"sizes":[]},"typography_font_size_mobile":{"unit":"px","size":40,"sizes":[]},"typography_font_weight":"400","typography_text_transform":"uppercase"},"elements":[],"isInner":false,"widgetType":"heading","elType":"widget"}],"isInner":false,"elType":"column"}],"isInner":false,"elType":"section"},{"id":"794866bc","settings":{"gap":"wider","structure":"20","padding_mobile":{"unit":"px","top":"0","right":"0","bottom":"30","left":"0","isLinked":false}},"elements":[{"id":"5b365b1e","settings":{"_column_size":50,"_inline_size":null,"background_background":"classic","background_image":{"url":"","id":"","alt":"","source":"library"},"background_position":"center center","background_position_tablet":"center center","background_repeat":"no-repeat","background_size":"cover"},"elements":[{"id":"1ed825f9","settings":{"padding":{"unit":"px","top":"20","right":"0","bottom":"20","left":"0","isLinked":false}},"elements":[{"id":"9bd297e","settings":{"_column_size":100,"_inline_size":null},"elements":[{"id":"678c7a40","settings":{"selected_icon":{"value":"fas fa-map-marker-alt","library":"fa-solid"},"title_text":"Address","description_text":"PO Box 14122 Collins Street West.Victoria","position":"left","primary_color":"#000000","hover_primary_color":"#E99C2E","icon_size":{"unit":"px","size":25,"sizes":[]},"title_typography_typography":"custom","title_typography_font_family":"Poppins","title_typography_font_size":{"unit":"px","size":18,"sizes":[]},"title_typography_font_weight":"500","title_typography_line_height":{"unit":"em","size":1,"sizes":[]},"description_color":"#333333","description_typography_typography":"custom","description_typography_font_family":"Poppins","description_typography_font_size":{"unit":"px","size":14,"sizes":[]},"description_typography_line_height":{"unit":"em","size":1.1999999999999999555910790149937383830547332763671875,"sizes":[]}},"elements":[],"isInner":false,"widgetType":"icon-box","elType":"widget"},{"id":"5c016b8c","settings":{"selected_icon":{"value":"fas fa-envelope","library":"fa-solid"},"title_text":"Email","description_text":"<a href=\"mailto:example@example.com\">example@example.com<\/a>","position":"left","primary_color":"#000000","hover_primary_color":"#E99C2E","icon_size":{"unit":"px","size":25,"sizes":[]},"title_typography_typography":"custom","title_typography_font_family":"Poppins","title_typography_font_size":{"unit":"px","size":18,"sizes":[]},"title_typography_font_weight":"500","title_typography_line_height":{"unit":"em","size":1,"sizes":[]},"description_color":"#333333","description_typography_typography":"custom","description_typography_font_family":"Poppins","description_typography_font_size":{"unit":"px","size":14,"sizes":[]},"description_typography_line_height":{"unit":"em","size":1.1999999999999999555910790149937383830547332763671875,"sizes":[]}},"elements":[],"isInner":false,"widgetType":"icon-box","elType":"widget"},{"id":"40eca2e6","settings":{"selected_icon":{"value":"fas fa-phone-alt","library":"fa-solid"},"title_text":"Phone","description_text":"+1 1234 5678 90, +1 0987 6543 21","position":"left","primary_color":"#000000","hover_primary_color":"#E99C2E","icon_size":{"unit":"px","size":25,"sizes":[]},"title_typography_typography":"custom","title_typography_font_family":"Poppins","title_typography_font_size":{"unit":"px","size":18,"sizes":[]},"title_typography_font_weight":"500","title_typography_line_height":{"unit":"em","size":1,"sizes":[]},"description_color":"#333333","description_typography_typography":"custom","description_typography_font_family":"Poppins","description_typography_font_size":{"unit":"px","size":14,"sizes":[]},"description_typography_line_height":{"unit":"em","size":1.1999999999999999555910790149937383830547332763671875,"sizes":[]}},"elements":[],"isInner":false,"widgetType":"icon-box","elType":"widget"}],"isInner":true,"elType":"column"}],"isInner":true,"elType":"section"},{"id":"3c4b6154","settings":{"address":"London Eye, London, United Kingdom"},"elements":[],"isInner":false,"widgetType":"google_maps","elType":"widget"}],"isInner":false,"elType":"column"},{"id":"5b22f65c","settings":{"_column_size":50,"_inline_size":null,"space_between_widgets":0},"elements":[{"id":"4c5f2250","settings":{"width":{"unit":"%","size":47,"sizes":[]},"align":"left","look":"line_text","text":"Get in touch","text_color":"#000000","typography_typography":"custom","typography_font_family":"Poppins","typography_font_size":{"unit":"px","size":20,"sizes":[]},"width_tablet":{"unit":"%","size":41,"sizes":[]},"width_mobile":{"unit":"%","size":90,"sizes":[]},"typography_font_size_tablet":{"unit":"px","size":16,"sizes":[]},"typography_font_size_mobile":{"unit":"px","size":14,"sizes":[]},"typography_line_height_mobile":{"unit":"em","size":1.399999999999999911182158029987476766109466552734375,"sizes":[]},"align_mobile":"center"},"elements":[],"isInner":false,"widgetType":"divider","elType":"widget"},{"id":"134464f3","settings":{"title":"Contact Us","typography_typography":"custom","typography_font_family":"Oswald","typography_font_size":{"unit":"px","size":65,"sizes":[]},"typography_text_transform":"uppercase","typography_line_height":{"unit":"em","size":1.1999999999999999555910790149937383830547332763671875,"sizes":[]},"align":"left","title_color":"#000000","typography_font_weight":"400","typography_font_size_tablet":{"unit":"px","size":40,"sizes":[]},"typography_font_size_mobile":{"unit":"px","size":30,"sizes":[]},"align_mobile":"center"},"elements":[],"isInner":false,"widgetType":"heading","elType":"widget"},{"id":"2f02001","settings":{"form_id":"593","_padding":{"unit":"px","top":"0","right":"0","bottom":"0","left":"0","isLinked":false},"_element_width":"initial","_element_custom_width":{"unit":"%","size":80,"sizes":[]},"_element_custom_width_tablet":{"unit":"%","size":"","sizes":[]},"_element_custom_width_mobile":{"unit":"%","size":100,"sizes":[]}},"elements":[],"isInner":false,"widgetType":"wpforms","elType":"widget"}],"isInner":false,"elType":"column"}],"isInner":false,"elType":"section"}],"page_settings":[],"version":"0.4","title":"contact","type":"page"}