{"content":[{"id":"1a465730","settings":{"structure":"40","background_background":"classic","background_color":"#111111"},"elements":[{"id":"4291ec72","settings":{"_column_size":25,"_inline_size":null,"space_between_widgets":10},"elements":[{"id":"1e976106","settings":{"title":"About Us","title_color":"#FFFFFF","typography_typography":"custom","typography_font_family":"Oswald","typography_font_weight":"400","typography_text_transform":"uppercase","align_mobile":"center","typography_font_size":{"unit":"px","size":20,"sizes":[]}},"elements":[],"isInner":false,"widgetType":"heading","elType":"widget"},{"id":"375fe597","settings":{"width":{"unit":"%","size":23,"sizes":[]},"text":"Divider","color":"#DD9420","weight":{"unit":"px","size":3,"sizes":[]},"gap":{"unit":"px","size":"","sizes":[]},"align_mobile":"center"},"elements":[],"isInner":false,"widgetType":"divider","elType":"widget"},{"id":"7ed92a81","settings":{"editor":"Lorem ipsum dolor sit amet, consectetur adipiscing elit. Donec ultricies, tortor in lacinia sollicitudin, orci neque ornare dolor, ac eleifend arcu quam nec nunc.","text_color":"#FFFFFF","typography_typography":"custom","typography_font_family":"Poppins","align_mobile":"center","typography_font_size":{"unit":"px","size":14,"sizes":[]}},"elements":[],"isInner":false,"widgetType":"text-editor","elType":"widget"}],"isInner":false,"elType":"column"},{"id":"14803a63","settings":{"_column_size":25,"_inline_size":null,"space_between_widgets":10},"elements":[{"id":"209d38f6","settings":{"title":"Links","title_color":"#FFFFFF","typography_typography":"custom","typography_font_family":"Oswald","typography_font_weight":"400","typography_text_transform":"uppercase","align_mobile":"center","typography_font_size":{"unit":"px","size":20,"sizes":[]}},"elements":[],"isInner":false,"widgetType":"heading","elType":"widget"},{"id":"5eab6a85","settings":{"width":{"unit":"%","size":23,"sizes":[]},"text":"Divider","color":"#DD9420","weight":{"unit":"px","size":3,"sizes":[]},"gap":{"unit":"px","size":"","sizes":[]},"align_mobile":"center"},"elements":[],"isInner":false,"widgetType":"divider","elType":"widget"},{"id":"25074d","settings":{"icon_list":[{"text":"Home","selected_icon":{"value":"","library":""},"_id":"d135810","link":{"url":"https:\/\/farjanawp.com\/ecm2\/","is_external":"","nofollow":"","custom_attributes":""}},{"text":"Shop","selected_icon":{"value":"","library":""},"link":{"url":"https:\/\/farjanawp.com\/ecm2\/shop\/","is_external":"","nofollow":"","custom_attributes":""},"_id":"c7063c0"},{"text":"Wishlist","selected_icon":{"value":"","library":""},"link":{"url":"https:\/\/farjanawp.com\/ecm2\/wishlist\/","is_external":"","nofollow":"","custom_attributes":""},"_id":"1fd5ebc"},{"text":"About Us","selected_icon":{"value":"","library":""},"link":{"url":"https:\/\/farjanawp.com\/ecm2\/about-us\/","is_external":"","nofollow":"","custom_attributes":""},"_id":"1961bd4"},{"text":"Contact","selected_icon":{"value":"","library":""},"link":{"url":"https:\/\/farjanawp.com\/ecm2\/contact\/","is_external":"","nofollow":"","custom_attributes":""},"_id":"2276d52"}],"space_between":{"unit":"px","size":5,"sizes":[]},"text_color":"#FFFFFF","text_color_hover":"#DD9420","icon_align_mobile":"center","icon_typography_typography":"custom","icon_typography_font_family":"Poppins","icon_typography_font_size":{"unit":"px","size":14,"sizes":[]},"icon_typography_font_size_tablet":{"unit":"px","size":12,"sizes":[]}},"elements":[],"isInner":false,"widgetType":"icon-list","elType":"widget"}],"isInner":false,"elType":"column"},{"id":"3f553227","settings":{"_column_size":25,"_inline_size":null,"space_between_widgets":10},"elements":[{"id":"245a70b7","settings":{"title":"Top Products","title_color":"#FFFFFF","typography_typography":"custom","typography_font_family":"Oswald","typography_font_weight":"400","typography_text_transform":"uppercase","align_mobile":"center","typography_font_size":{"unit":"px","size":20,"sizes":[]}},"elements":[],"isInner":false,"widgetType":"heading","elType":"widget"},{"id":"1a2ddbf9","settings":{"width":{"unit":"%","size":23,"sizes":[]},"text":"Divider","color":"#DD9420","weight":{"unit":"px","size":3,"sizes":[]},"gap":{"unit":"px","size":"","sizes":[]},"align_mobile":"center"},"elements":[],"isInner":false,"widgetType":"divider","elType":"widget"},{"id":"5600f3fa","settings":{"image":{"url":"https:\/\/farjanawp.com\/ecm2\/wp-content\/uploads\/2022\/02\/dress2-1.jpg","id":299,"alt":"","source":"library"},"title_text":"Basic knit dress chest","description_text":"","link":{"url":"https:\/\/farjanawp.com\/ecm2\/product\/basic-knit-dress-chest\/","is_external":"","nofollow":"","custom_attributes":""},"position":"left","image_size":{"unit":"%","size":15,"sizes":[]},"title_color":"#F9F4F4","title_typography_typography":"custom","title_typography_font_family":"Poppins","title_typography_font_size":{"unit":"px","size":14,"sizes":[]},"title_typography_font_weight":"400","title_typography_font_size_tablet":{"unit":"px","size":12,"sizes":[]},"title_typography_line_height":{"unit":"em","size":1.5,"sizes":[]}},"elements":[],"isInner":false,"widgetType":"image-box","elType":"widget"},{"id":"4ce0d3ca","settings":{"image":{"url":"https:\/\/farjanawp.com\/ecm2\/wp-content\/uploads\/2022\/02\/dress1-1.jpg","id":301,"alt":"","source":"library"},"title_text":"Erinted dress with trimming","description_text":"","link":{"url":"https:\/\/farjanawp.com\/ecm2\/product\/erinted-dress-with-trimming\/","is_external":"","nofollow":"","custom_attributes":""},"position":"left","image_size":{"unit":"%","size":15,"sizes":[]},"title_color":"#F9F4F4","title_typography_typography":"custom","title_typography_font_family":"Poppins","title_typography_font_size":{"unit":"px","size":14,"sizes":[]},"title_typography_font_weight":"400","title_typography_font_size_tablet":{"unit":"px","size":12,"sizes":[]},"title_typography_line_height":{"unit":"em","size":1.5,"sizes":[]}},"elements":[],"isInner":false,"widgetType":"image-box","elType":"widget"},{"id":"51c0cb6f","settings":{"image":{"url":"https:\/\/farjanawp.com\/ecm2\/wp-content\/uploads\/2022\/02\/dress8-1.jpg","id":257,"alt":"","source":"library"},"title_text":"London Effect Sweatshirt","description_text":"","link":{"url":"https:\/\/farjanawp.com\/ecm2\/product\/london-effect-sweatshirt\/","is_external":"","nofollow":"","custom_attributes":""},"position":"left","image_size":{"unit":"%","size":15,"sizes":[]},"title_color":"#F9F4F4","title_typography_typography":"custom","title_typography_font_family":"Poppins","title_typography_font_size":{"unit":"px","size":14,"sizes":[]},"title_typography_font_weight":"400","title_typography_font_size_tablet":{"unit":"px","size":12,"sizes":[]},"title_typography_line_height":{"unit":"em","size":1.5,"sizes":[]}},"elements":[],"isInner":false,"widgetType":"image-box","elType":"widget"}],"isInner":false,"elType":"column"},{"id":"1d0ca359","settings":{"_column_size":25,"_inline_size":null,"space_between_widgets":10},"elements":[{"id":"2a9545ef","settings":{"title":"Contact Us","title_color":"#FFFFFF","typography_typography":"custom","typography_font_family":"Oswald","typography_font_weight":"400","typography_text_transform":"uppercase","align_mobile":"center","typography_font_size":{"unit":"px","size":20,"sizes":[]}},"elements":[],"isInner":false,"widgetType":"heading","elType":"widget"},{"id":"79b39277","settings":{"width":{"unit":"%","size":23,"sizes":[]},"text":"Divider","color":"#DD9420","weight":{"unit":"px","size":3,"sizes":[]},"gap":{"unit":"px","size":"","sizes":[]},"align_mobile":"center"},"elements":[],"isInner":false,"widgetType":"divider","elType":"widget"},{"id":"1e1e839e","settings":{"selected_icon":{"value":"fas fa-map-marker-alt","library":"fa-solid"},"title_text":"Dhaka, Bangladesh","description_text":"","position":"left","primary_color":"#DD9420","icon_size":{"unit":"px","size":19,"sizes":[]},"title_color":"#FFFFFF","title_typography_typography":"custom","title_typography_font_family":"Poppins","title_typography_font_size":{"unit":"px","size":14,"sizes":[]},"title_typography_font_weight":"400","title_typography_line_height":{"unit":"em","size":1.1999999999999999555910790149937383830547332763671875,"sizes":[]},"_margin":{"unit":"px","top":"5","right":"0","bottom":"0","left":"0","isLinked":false},"title_typography_font_size_tablet":{"unit":"px","size":12,"sizes":[]}},"elements":[],"isInner":false,"widgetType":"icon-box","elType":"widget"},{"id":"360ea521","settings":{"selected_icon":{"value":"fas fa-phone-alt","library":"fa-solid"},"title_text":"8801867908080","description_text":"","position":"left","primary_color":"#DD9420","icon_size":{"unit":"px","size":19,"sizes":[]},"title_color":"#FFFFFF","title_typography_typography":"custom","title_typography_font_family":"Poppins","title_typography_font_size":{"unit":"px","size":14,"sizes":[]},"title_typography_font_weight":"400","title_typography_line_height":{"unit":"em","size":1.1999999999999999555910790149937383830547332763671875,"sizes":[]},"title_typography_font_size_tablet":{"unit":"px","size":12,"sizes":[]},"_margin":{"unit":"px","top":"5","right":"0","bottom":"0","left":"0","isLinked":false}},"elements":[],"isInner":false,"widgetType":"icon-box","elType":"widget"},{"id":"12e8b1a8","settings":{"selected_icon":{"value":"fas fa-envelope","library":"fa-solid"},"title_text":"contact@email.com","description_text":"","position":"left","primary_color":"#DD9420","icon_size":{"unit":"px","size":19,"sizes":[]},"title_color":"#FFFFFF","title_typography_typography":"custom","title_typography_font_family":"Poppins","title_typography_font_size":{"unit":"px","size":14,"sizes":[]},"title_typography_font_weight":"400","title_typography_line_height":{"unit":"em","size":1.1999999999999999555910790149937383830547332763671875,"sizes":[]},"title_typography_font_size_tablet":{"unit":"px","size":12,"sizes":[]},"_margin":{"unit":"px","top":"5","right":"0","bottom":"0","left":"0","isLinked":false}},"elements":[],"isInner":false,"widgetType":"icon-box","elType":"widget"},{"id":"5ea1741b","settings":{"image":{"url":"https:\/\/farjanawp.com\/ecm2\/wp-content\/uploads\/2023\/01\/copyright.png","id":516,"alt":"","source":"library"},"align":"left","align_mobile":"center"},"elements":[],"isInner":false,"widgetType":"image","elType":"widget"}],"isInner":false,"elType":"column"}],"isInner":false,"elType":"section"},{"id":"5aff0823","settings":{"background_background":"classic","background_color":"#000000","padding":{"unit":"px","top":"15","right":"0","bottom":"15","left":"0","isLinked":false}},"elements":[{"id":"1d0fce40","settings":{"_column_size":100,"_inline_size":null},"elements":[{"id":"fd7390d","settings":{"editor":"\u00a92023 Ecommerce Powered by <a href=\"\/\">WordPress<\/a>","align":"center","text_color":"#FFFFFF","typography_typography":"custom","typography_font_family":"Poppins","typography_font_size":{"unit":"px","size":12,"sizes":[]}},"elements":[],"isInner":false,"widgetType":"text-editor","elType":"widget"}],"isInner":false,"elType":"column"}],"isInner":false,"elType":"section"}],"page_settings":[],"version":"0.4","title":"footer","type":"page"}