{"content":[{"id":"14a4d6de","settings":{"height":"min-height","custom_height":{"unit":"px","size":700,"sizes":[]},"structure":"20","background_background":"classic","background_image":{"url":"https:\/\/farjanawp.com\/ecm2\/wp-content\/uploads\/2023\/01\/banner.jpg","id":23,"alt":"","source":"library"},"background_position":"center center","background_repeat":"no-repeat","background_size":"cover","padding":{"unit":"px","top":"0","right":"30","bottom":"0","left":"30","isLinked":false},"custom_height_tablet":{"unit":"px","size":300,"sizes":[]},"custom_height_mobile":{"unit":"px","size":250,"sizes":[]},"content_position":"middle","background_position_mobile":"center center","padding_tablet":{"unit":"px","top":"30","right":"0","bottom":"30","left":"0","isLinked":false}},"elements":[{"id":"4031bf2c","settings":{"_column_size":50,"_inline_size":null,"content_position_tablet":"center"},"elements":[{"id":"77010ebf","settings":{"title":"Get 20% off<br>\nOn selected items","typography_typography":"custom","typography_font_family":"Oswald","typography_font_size":{"unit":"px","size":75,"sizes":[]},"typography_text_transform":"uppercase","typography_line_height":{"unit":"em","size":1.1999999999999999555910790149937383830547332763671875,"sizes":[]},"title_color":"#000000","typography_font_weight":"500","typography_font_size_tablet":{"unit":"px","size":50,"sizes":[]},"typography_font_size_mobile":{"unit":"px","size":35,"sizes":[]}},"elements":[],"isInner":false,"widgetType":"heading","elType":"widget"},{"id":"3005e240","settings":{"title":"Backpack collection","typography_typography":"custom","typography_font_family":"Poppins","typography_font_size":{"unit":"px","size":25,"sizes":[]},"typography_font_weight":"400","typography_line_height":{"unit":"em","size":1.1999999999999999555910790149937383830547332763671875,"sizes":[]},"typography_font_size_tablet":{"unit":"px","size":18,"sizes":[]},"typography_font_size_mobile":{"unit":"px","size":15,"sizes":[]}},"elements":[],"isInner":false,"widgetType":"heading","elType":"widget"},{"id":"4e886983","settings":{"text":"Go to Collection","selected_icon":{"value":"fas fa-long-arrow-alt-right","library":"fa-solid"},"icon_align":"right","typography_typography":"custom","typography_font_family":"Poppins","typography_font_size":{"unit":"px","size":17,"sizes":[]},"typography_font_weight":"600","typography_text_transform":"uppercase","typography_letter_spacing":{"unit":"px","size":1,"sizes":[]},"button_text_color":"#000000","background_color":"#02010100","text_padding":{"unit":"px","top":"0","right":"0","bottom":"0","left":"0","isLinked":false},"typography_font_size_tablet":{"unit":"px","size":14,"sizes":[]},"typography_font_size_mobile":{"unit":"px","size":12,"sizes":[]}},"elements":[],"isInner":false,"widgetType":"button","elType":"widget"}],"isInner":false,"elType":"column"},{"id":"395e1080","settings":{"_column_size":50,"_inline_size":null},"elements":[],"isInner":false,"elType":"column"}],"isInner":false,"elType":"section"},{"id":"44dca591","settings":{"layout":"full_width","structure":"30","padding":{"unit":"px","top":"10","right":"0","bottom":"70","left":"0","isLinked":false}},"elements":[{"id":"3e649c84","settings":{"_column_size":33,"_inline_size":null,"_inline_size_tablet":30},"elements":[{"id":"3713c85b","settings":{"height_inner":"min-height","custom_height_inner":{"unit":"px","size":700,"sizes":[]},"content_position":"middle","background_background":"classic","background_image":{"url":"https:\/\/farjanawp.com\/ecm2\/wp-content\/uploads\/2023\/01\/banner1-h16.jpg","id":353,"alt":"","source":"library"},"background_position":"top center","background_repeat":"no-repeat","background_size":"cover","padding":{"unit":"px","top":"0","right":"20","bottom":"0","left":"20","isLinked":false},"custom_height_inner_tablet":{"unit":"px","size":400,"sizes":[]}},"elements":[{"id":"7a5ac48a","settings":{"_column_size":100,"_inline_size":null},"elements":[{"id":"25d4002c","settings":{"title":"JANE MULE<br>\nshoes","typography_typography":"custom","typography_font_family":"Oswald","typography_font_size":{"unit":"px","size":46,"sizes":[]},"typography_text_transform":"uppercase","typography_line_height":{"unit":"em","size":1.1999999999999999555910790149937383830547332763671875,"sizes":[]},"title_color":"#FFFFFF","_padding":{"unit":"px","top":"0","right":"0","bottom":"0","left":"0","isLinked":false},"typography_font_size_tablet":{"unit":"px","size":30,"sizes":[]}},"elements":[],"isInner":false,"widgetType":"heading","elType":"widget"},{"id":"36645429","settings":{"text":"View Collection","selected_icon":{"value":"fas fa-long-arrow-alt-right","library":"fa-solid"},"icon_align":"right","typography_typography":"custom","typography_font_family":"Poppins","typography_font_size":{"unit":"px","size":15,"sizes":[]},"typography_font_weight":"600","typography_text_transform":"uppercase","typography_letter_spacing":{"unit":"px","size":1,"sizes":[]},"button_text_color":"#FFFFFF","background_color":"#02010100","text_padding":{"unit":"px","top":"0","right":"0","bottom":"0","left":"0","isLinked":false},"typography_font_size_tablet":{"unit":"px","size":12,"sizes":[]}},"elements":[],"isInner":false,"widgetType":"button","elType":"widget"}],"isInner":true,"elType":"column"}],"isInner":true,"elType":"section"}],"isInner":false,"elType":"column"},{"id":"2ee61c25","settings":{"_column_size":33,"_inline_size":null,"_inline_size_tablet":40},"elements":[{"id":"342e31c9","settings":{"height_inner":"min-height","custom_height_inner":{"unit":"px","size":350,"sizes":[]},"content_position":"middle","background_background":"classic","background_image":{"url":"https:\/\/farjanawp.com\/ecm2\/wp-content\/uploads\/2023\/01\/banner2-h16.jpg","id":350,"alt":"","source":"library"},"background_position":"top center","background_repeat":"no-repeat","background_size":"cover","padding":{"unit":"px","top":"0","right":"20","bottom":"0","left":"20","isLinked":false},"custom_height_inner_tablet":{"unit":"px","size":200,"sizes":[]}},"elements":[{"id":"3f4912e7","settings":{"_column_size":100,"_inline_size":null},"elements":[{"id":"66e44fd6","settings":{"title":"JANE MULE<br>\nshoes","typography_typography":"custom","typography_font_family":"Oswald","typography_font_size":{"unit":"px","size":46,"sizes":[]},"typography_text_transform":"uppercase","typography_line_height":{"unit":"em","size":1.1999999999999999555910790149937383830547332763671875,"sizes":[]},"align":"right","_padding":{"unit":"px","top":"0","right":"0","bottom":"0","left":"0","isLinked":false},"typography_font_size_tablet":{"unit":"px","size":30,"sizes":[]}},"elements":[],"isInner":false,"widgetType":"heading","elType":"widget"},{"id":"1db8a5b0","settings":{"text":"View Collection","selected_icon":{"value":"fas fa-long-arrow-alt-right","library":"fa-solid"},"icon_align":"right","typography_typography":"custom","typography_font_family":"Poppins","typography_font_size":{"unit":"px","size":15,"sizes":[]},"typography_font_weight":"600","typography_text_transform":"uppercase","typography_letter_spacing":{"unit":"px","size":1,"sizes":[]},"button_text_color":"#000000","background_color":"#02010100","text_padding":{"unit":"px","top":"0","right":"0","bottom":"0","left":"0","isLinked":false},"align":"right","typography_font_size_tablet":{"unit":"px","size":12,"sizes":[]}},"elements":[],"isInner":false,"widgetType":"button","elType":"widget"}],"isInner":true,"elType":"column"}],"isInner":true,"elType":"section"},{"id":"1613d873","settings":{"height_inner":"min-height","custom_height_inner":{"unit":"px","size":330,"sizes":[]},"content_position":"middle","background_background":"classic","background_image":{"url":"https:\/\/farjanawp.com\/ecm2\/wp-content\/uploads\/2023\/01\/banner3-h16.jpg","id":351,"alt":"","source":"library"},"background_position":"top center","background_repeat":"no-repeat","background_size":"cover","margin":{"unit":"px","top":"20","right":0,"bottom":"0","left":0,"isLinked":false},"padding":{"unit":"px","top":"0","right":"20","bottom":"0","left":"20","isLinked":false},"custom_height_inner_tablet":{"unit":"px","size":180,"sizes":[]}},"elements":[{"id":"67829ed9","settings":{"_column_size":100,"_inline_size":null},"elements":[{"id":"237678ff","settings":{"title":"JANE MULE<br>\nshoes","typography_typography":"custom","typography_font_family":"Oswald","typography_font_size":{"unit":"px","size":46,"sizes":[]},"typography_text_transform":"uppercase","typography_line_height":{"unit":"em","size":1.1999999999999999555910790149937383830547332763671875,"sizes":[]},"title_color":"#FFFFFF","_padding":{"unit":"px","top":"0","right":"0","bottom":"0","left":"0","isLinked":false},"typography_font_size_tablet":{"unit":"px","size":30,"sizes":[]}},"elements":[],"isInner":false,"widgetType":"heading","elType":"widget"},{"id":"3dfc3050","settings":{"text":"View Collection","selected_icon":{"value":"fas fa-long-arrow-alt-right","library":"fa-solid"},"icon_align":"right","typography_typography":"custom","typography_font_family":"Poppins","typography_font_size":{"unit":"px","size":15,"sizes":[]},"typography_font_weight":"600","typography_text_transform":"uppercase","typography_letter_spacing":{"unit":"px","size":1,"sizes":[]},"button_text_color":"#FFFFFF","background_color":"#02010100","text_padding":{"unit":"px","top":"0","right":"0","bottom":"0","left":"0","isLinked":false},"typography_font_size_tablet":{"unit":"px","size":12,"sizes":[]}},"elements":[],"isInner":false,"widgetType":"button","elType":"widget"}],"isInner":true,"elType":"column"}],"isInner":true,"elType":"section"}],"isInner":false,"elType":"column"},{"id":"752c548a","settings":{"_column_size":33,"_inline_size":null,"_inline_size_tablet":30},"elements":[{"id":"368970bd","settings":{"height_inner":"min-height","custom_height_inner":{"unit":"px","size":700,"sizes":[]},"content_position":"middle","background_background":"classic","background_image":{"url":"https:\/\/farjanawp.com\/ecm2\/wp-content\/uploads\/2023\/01\/banner4-h16.jpg","id":352,"alt":"","source":"library"},"background_position":"top center","background_repeat":"no-repeat","background_size":"cover","padding":{"unit":"px","top":"0","right":"20","bottom":"0","left":"20","isLinked":false},"custom_height_inner_tablet":{"unit":"px","size":400,"sizes":[]}},"elements":[{"id":"6f174eb0","settings":{"_column_size":100,"_inline_size":null},"elements":[{"id":"6f9abc15","settings":{"title":"JANE MULE<br>\nshoes","typography_typography":"custom","typography_font_family":"Oswald","typography_font_size":{"unit":"px","size":46,"sizes":[]},"typography_text_transform":"uppercase","typography_line_height":{"unit":"em","size":1.1999999999999999555910790149937383830547332763671875,"sizes":[]},"_padding":{"unit":"px","top":"0","right":"0","bottom":"0","left":"0","isLinked":false},"typography_font_size_tablet":{"unit":"px","size":30,"sizes":[]}},"elements":[],"isInner":false,"widgetType":"heading","elType":"widget"},{"id":"700c85d6","settings":{"text":"View Collection","selected_icon":{"value":"fas fa-long-arrow-alt-right","library":"fa-solid"},"icon_align":"right","typography_typography":"custom","typography_font_family":"Poppins","typography_font_size":{"unit":"px","size":15,"sizes":[]},"typography_font_weight":"600","typography_text_transform":"uppercase","typography_letter_spacing":{"unit":"px","size":1,"sizes":[]},"button_text_color":"#000000","background_color":"#02010100","text_padding":{"unit":"px","top":"0","right":"0","bottom":"0","left":"0","isLinked":false},"typography_font_size_tablet":{"unit":"px","size":12,"sizes":[]}},"elements":[],"isInner":false,"widgetType":"button","elType":"widget"}],"isInner":true,"elType":"column"}],"isInner":true,"elType":"section"}],"isInner":false,"elType":"column"}],"isInner":false,"elType":"section"},{"id":"7286c9f9","settings":{"padding":{"unit":"px","top":"30","right":"0","bottom":"30","left":"0","isLinked":false}},"elements":[{"id":"4fcc0989","settings":{"_column_size":100,"_inline_size":null,"space_between_widgets":0},"elements":[{"id":"3c0f4eaf","settings":{"width":{"unit":"%","size":32,"sizes":[]},"align":"center","look":"line_text","text":" All Styles in This Spring","text_color":"#000000","typography_typography":"custom","typography_font_family":"Poppins","typography_font_size":{"unit":"px","size":20,"sizes":[]},"width_tablet":{"unit":"%","size":41,"sizes":[]},"width_mobile":{"unit":"%","size":90,"sizes":[]},"typography_font_size_tablet":{"unit":"px","size":16,"sizes":[]},"typography_font_size_mobile":{"unit":"px","size":14,"sizes":[]},"typography_line_height_mobile":{"unit":"em","size":1.399999999999999911182158029987476766109466552734375,"sizes":[]}},"elements":[],"isInner":false,"widgetType":"divider","elType":"widget"},{"id":"2c8b3156","settings":{"title":"\nFEATURED PRODUCTS\n","typography_typography":"custom","typography_font_family":"Oswald","typography_font_size":{"unit":"px","size":70,"sizes":[]},"typography_text_transform":"uppercase","typography_line_height":{"unit":"em","size":1.1999999999999999555910790149937383830547332763671875,"sizes":[]},"align":"center","title_color":"#000000","typography_font_weight":"400","typography_font_size_tablet":{"unit":"px","size":40,"sizes":[]},"typography_font_size_mobile":{"unit":"px","size":30,"sizes":[]}},"elements":[],"isInner":false,"widgetType":"heading","elType":"widget"}],"isInner":false,"elType":"column"}],"isInner":false,"elType":"section"},{"id":"54367347","settings":{"padding":{"unit":"px","top":"0","right":"0","bottom":"0","left":"0","isLinked":false},"margin":{"unit":"px","top":"0","right":0,"bottom":"70","left":0,"isLinked":false}},"elements":[{"id":"58747eae","settings":{"_column_size":100,"_inline_size":null},"elements":[{"id":"37e0d501","settings":{"product_category_typography_typography":"custom","product_category_typography_font_family":"Poppins","product_title_typography_typography":"custom","product_title_typography_font_family":"Poppins","product_title_typography_font_weight":"500","product_title_color":"#111111","product_sale_price_color":"#000000","product_sale_price_typography_typography":"custom","product_sale_price_typography_font_family":"Poppins"},"elements":[],"isInner":false,"widgetType":"woolentor-universal-product","elType":"widget"}],"isInner":false,"elType":"column"}],"isInner":false,"elType":"section"},{"id":"76c61bb7","settings":{"height":"min-height","custom_height":{"unit":"px","size":500,"sizes":[]},"structure":"20","background_background":"classic","background_image":{"url":"https:\/\/farjanawp.com\/ecm2\/wp-content\/uploads\/2023\/01\/banner5-h16.jpg","id":389,"alt":"","source":"library"},"background_position":"top center","background_repeat":"no-repeat","background_size":"cover","custom_height_tablet":{"unit":"px","size":280,"sizes":[]}},"elements":[{"id":"5b9c8737","settings":{"_column_size":50,"_inline_size":null},"elements":[],"isInner":false,"elType":"column"},{"id":"6ee1e5b0","settings":{"_column_size":50,"_inline_size":null},"elements":[{"id":"3354a441","settings":{"title":"\ntrend & fashion guide\n","typography_typography":"custom","typography_font_family":"Poppins","typography_font_size":{"unit":"px","size":25,"sizes":[]},"typography_line_height":{"unit":"em","size":1.1999999999999999555910790149937383830547332763671875,"sizes":[]},"typography_font_weight":"400","typography_font_size_tablet":{"unit":"px","size":16,"sizes":[]}},"elements":[],"isInner":false,"widgetType":"heading","elType":"widget"},{"id":"1e51165","settings":{"title":"the most <br>\nstylish","typography_typography":"custom","typography_font_family":"Oswald","typography_font_size":{"unit":"px","size":120,"sizes":[]},"typography_text_transform":"uppercase","typography_line_height":{"unit":"em","size":1.1999999999999999555910790149937383830547332763671875,"sizes":[]},"title_color":"#000000","typography_font_weight":"400","typography_font_size_tablet":{"unit":"px","size":80,"sizes":[]},"typography_font_size_mobile":{"unit":"px","size":65,"sizes":[]}},"elements":[],"isInner":false,"widgetType":"heading","elType":"widget"},{"id":"478a3e6d","settings":{"text":"Go to Collection","selected_icon":{"value":"fas fa-long-arrow-alt-right","library":"fa-solid"},"icon_align":"right","typography_typography":"custom","typography_font_family":"Poppins","typography_font_size":{"unit":"px","size":17,"sizes":[]},"typography_font_weight":"600","typography_text_transform":"uppercase","typography_letter_spacing":{"unit":"px","size":1,"sizes":[]},"button_text_color":"#000000","background_color":"#02010100","text_padding":{"unit":"px","top":"0","right":"0","bottom":"0","left":"0","isLinked":false},"typography_font_size_tablet":{"unit":"px","size":14,"sizes":[]},"typography_font_size_mobile":{"unit":"px","size":12,"sizes":[]}},"elements":[],"isInner":false,"widgetType":"button","elType":"widget"}],"isInner":false,"elType":"column"}],"isInner":false,"elType":"section"},{"id":"4d046b45","settings":{"structure":"30"},"elements":[{"id":"50a5bfb","settings":{"_column_size":33,"_inline_size":null,"space_between_widgets":10},"elements":[{"id":"57f4c916","settings":{"selected_icon":{"value":"fas fa-paper-plane","library":"fa-solid"},"title_text":" Free DELIVERY ","description_text":" When ordering from $500. ","primary_color":"#333333","icon_size":{"unit":"px","size":42,"sizes":[]},"title_bottom_space":{"unit":"px","size":0,"sizes":[]},"title_typography_typography":"custom","title_typography_font_family":"Poppins","title_typography_font_weight":"600","title_typography_text_transform":"uppercase","_padding":{"unit":"px","top":"40","right":"20","bottom":"40","left":"20","isLinked":false},"icon_size_tablet":{"unit":"px","size":35,"sizes":[]},"title_typography_font_size_tablet":{"unit":"px","size":16,"sizes":[]},"description_typography_typography":"custom","description_typography_font_family":"Poppins","description_typography_font_size_tablet":{"unit":"px","size":14,"sizes":[]}},"elements":[],"isInner":false,"widgetType":"icon-box","elType":"widget"}],"isInner":false,"elType":"column"},{"id":"481cdc9c","settings":{"_column_size":33,"_inline_size":null},"elements":[{"id":"3c1ea65b","settings":{"selected_icon":{"value":"fas fa-home","library":"fa-solid"},"title_text":" Free DELIVERY ","description_text":" When ordering from $500. ","primary_color":"#333333","icon_size":{"unit":"px","size":42,"sizes":[]},"title_bottom_space":{"unit":"px","size":0,"sizes":[]},"title_typography_typography":"custom","title_typography_font_family":"Poppins","title_typography_font_weight":"600","title_typography_text_transform":"uppercase","_padding":{"unit":"px","top":"40","right":"20","bottom":"40","left":"20","isLinked":false},"icon_size_tablet":{"unit":"px","size":35,"sizes":[]},"title_typography_font_size_tablet":{"unit":"px","size":16,"sizes":[]},"description_typography_typography":"custom","description_typography_font_family":"Poppins","description_typography_font_size_tablet":{"unit":"px","size":14,"sizes":[]}},"elements":[],"isInner":false,"widgetType":"icon-box","elType":"widget"}],"isInner":false,"elType":"column"},{"id":"5d4a72b6","settings":{"_column_size":33,"_inline_size":null},"elements":[{"id":"2d03e69b","settings":{"selected_icon":{"value":"fas fa-credit-card","library":"fa-solid"},"title_text":" Free DELIVERY ","description_text":" When ordering from $500. ","primary_color":"#333333","icon_size":{"unit":"px","size":42,"sizes":[]},"title_bottom_space":{"unit":"px","size":0,"sizes":[]},"title_typography_typography":"custom","title_typography_font_family":"Poppins","title_typography_font_weight":"600","title_typography_text_transform":"uppercase","_padding":{"unit":"px","top":"40","right":"20","bottom":"40","left":"20","isLinked":false},"icon_size_tablet":{"unit":"px","size":35,"sizes":[]},"title_typography_font_size_tablet":{"unit":"px","size":16,"sizes":[]},"description_typography_typography":"custom","description_typography_font_family":"Poppins","description_typography_font_size_tablet":{"unit":"px","size":14,"sizes":[]}},"elements":[],"isInner":false,"widgetType":"icon-box","elType":"widget"}],"isInner":false,"elType":"column"}],"isInner":false,"elType":"section"}],"page_settings":[],"version":"0.4","title":"home","type":"page"}