{"content":[{"id":"1d81a9e9","settings":{"height":"min-height","custom_height":{"unit":"px","size":300,"sizes":[]},"background_background":"classic","background_image":{"url":"","id":"","alt":"","source":"library"},"background_position":"top right","background_repeat":"no-repeat","background_size":"cover","padding":{"unit":"px","top":"0","right":"30","bottom":"0","left":"30","isLinked":false},"layout":"full_width","stretch_section":"section-stretched","background_color":"#EEEEEE","custom_height_tablet":{"unit":"px","size":250,"sizes":[]},"custom_height_mobile":{"unit":"px","size":200,"sizes":[]}},"elements":[{"id":"72787823","settings":{"_column_size":100,"_inline_size":null},"elements":[{"id":"1addac87","settings":{"show_description":"","archive_title_align":"center","title_color":"#000000","title_typography_typography":"custom","title_typography_font_family":"Oswald","title_typography_font_size":{"unit":"px","size":75,"sizes":[]},"title_typography_font_weight":"400","title_typography_text_transform":"uppercase","title_typography_font_size_tablet":{"unit":"px","size":50,"sizes":[]},"title_typography_font_size_mobile":{"unit":"px","size":40,"sizes":[]},"title_typography_line_height":{"unit":"em","size":1.1999999999999999555910790149937383830547332763671875,"sizes":[]}},"elements":[],"isInner":false,"widgetType":"woolentor-archive-title-addons","elType":"widget"}],"isInner":false,"elType":"column"}],"isInner":false,"elType":"section"},{"id":"1c43c4f1","settings":[],"elements":[{"id":"2a6a373","settings":{"_column_size":100,"_inline_size":null},"elements":[{"id":"29d1968b","settings":{"columns":3,"paginate":"yes","product_title_typography_typography":"custom","product_title_typography_font_family":"Poppins","product_title_typography_font_size":{"unit":"px","size":15,"sizes":[]},"product_price_typography_typography":"custom","product_price_typography_font_family":"Poppins"},"elements":[],"isInner":false,"widgetType":"woolentor-product-archive-addons","elType":"widget"}],"isInner":false,"elType":"column"}],"isInner":false,"elType":"section"}],"page_settings":[],"version":"0.4","title":"shop","type":"page"}