{"content":[{"id":"57cf1382","settings":{"layout":"full_width","gap":"wider","structure":"20","padding_mobile":{"unit":"px","top":"0","right":"0","bottom":"0","left":"0","isLinked":false}},"elements":[{"id":"1452a539","settings":{"_column_size":50,"_inline_size":null,"space_between_widgets_mobile":0},"elements":[{"id":"23cf7767","settings":{"padding":{"unit":"px","top":"0","right":"0","bottom":"0","left":"0","isLinked":false}},"elements":[{"id":"4168ee8e","settings":{"_column_size":100,"_inline_size":null},"elements":[{"id":"24d37d0","settings":[],"elements":[],"isInner":false,"widgetType":"wl-single-product-image","elType":"widget"}],"isInner":true,"elType":"column"}],"isInner":true,"elType":"section"}],"isInner":false,"elType":"column"},{"id":"1dfc1192","settings":{"_column_size":50,"_inline_size":null},"elements":[{"id":"64f51976","settings":{"product_title_typography_typography":"custom","product_title_typography_font_family":"Oswald","product_title_typography_font_size":{"unit":"px","size":35,"sizes":[]},"product_title_typography_font_size_mobile":{"unit":"px","size":25,"sizes":[]},"product_title_typography_font_weight":"500","product_title_typography_text_transform":"uppercase","product_title_typography_line_height":{"unit":"em","size":1.1999999999999999555910790149937383830547332763671875,"sizes":[]},"product_title_typography_letter_spacing":{"unit":"px","size":1,"sizes":[]},"product_title_align_mobile":"center","product_title_typography_font_size_tablet":{"unit":"px","size":30,"sizes":[]}},"elements":[],"isInner":false,"widgetType":"wl-single-product-title","elType":"widget"},{"id":"29dfc31d","settings":{"product_rating_align_mobile":"center"},"elements":[],"isInner":false,"widgetType":"wl-single-product-rating","elType":"widget"},{"id":"5f9f6f03","settings":{"text_align_mobile":"left","text_color":"#333333","text_typography_typography":"custom","text_typography_font_family":"Poppins","text_typography_font_size_mobile":{"unit":"px","size":14,"sizes":[]}},"elements":[],"isInner":false,"widgetType":"wl-single-product-short-description","elType":"widget"},{"id":"24c7ba62","settings":{"product_price_color":"#000000","product_price_typography_typography":"custom","product_price_typography_font_family":"Poppins","product_price_typography_font_size":{"unit":"px","size":25,"sizes":[]},"product_price_typography_font_weight":"500","product_sale_price_color":"#545454","product_price_typography_font_size_tablet":{"unit":"px","size":22,"sizes":[]},"product_price_typography_font_size_mobile":{"unit":"px","size":20,"sizes":[]}},"elements":[],"isInner":false,"widgetType":"wl-single-product-price","elType":"widget"},{"id":"facac0e","settings":{"advance_cart_quantity_text":"Quantity"},"elements":[],"isInner":false,"widgetType":"wl-product-add-to-cart","elType":"widget"},{"id":"3335ba77","settings":{"categories_typography_typography":"custom","categories_typography_font_family":"Poppins","categories_title_color":"#111111","categories_typography_font_size_mobile":{"unit":"px","size":14,"sizes":[]}},"elements":[],"isInner":false,"widgetType":"wl-single-product-categories","elType":"widget"}],"isInner":false,"elType":"column"}],"isInner":false,"elType":"section"},{"id":"6fb48802","settings":{"padding":{"unit":"px","top":"0","right":"0","bottom":"0","left":"0","isLinked":false}},"elements":[{"id":"31f5b41","settings":{"_column_size":100,"_inline_size":null},"elements":[{"id":"599086fc","settings":{"tab_text_color":"#000000","tab_typography_typography":"custom","tab_typography_font_family":"Poppins","tab_typography_font_size":{"unit":"px","size":17,"sizes":[]},"content_heading_typography_typography":"custom","content_heading_typography_font_family":"Poppins","content_heading_typography_font_size_mobile":{"unit":"px","size":14,"sizes":[]}},"elements":[],"isInner":false,"widgetType":"wl-product-data-tabs","elType":"widget"}],"isInner":false,"elType":"column"}],"isInner":false,"elType":"section"},{"id":"c2b6a9","settings":{"padding":{"unit":"px","top":"0","right":"0","bottom":"0","left":"0","isLinked":false}},"elements":[{"id":"6846462f","settings":{"_column_size":100,"_inline_size":null},"elements":[{"id":"6a724c59","settings":{"related_heading_typography_typography":"custom","related_heading_typography_font_family":"Oswald","related_heading_typography_font_size":{"unit":"px","size":35,"sizes":[]},"related_heading_typography_font_size_mobile":{"unit":"px","size":25,"sizes":[]},"related_heading_typography_font_weight":"500","related_heading_typography_text_transform":"uppercase","related_heading_align":"center","related_heading_typography_font_size_tablet":{"unit":"px","size":30,"sizes":[]}},"elements":[],"isInner":false,"widgetType":"wl-product-related","elType":"widget"}],"isInner":false,"elType":"column"}],"isInner":false,"elType":"section"}],"page_settings":[],"version":"0.4","title":"Single product","type":"page"}