{"content":[{"id":"1f3bf509","settings":{"height":"min-height","custom_height":{"unit":"px","size":300,"sizes":[]},"background_background":"classic","background_image":{"url":"https:\/\/farjanawp.com\/ecm2\/wp-content\/uploads\/2023\/01\/slide-bg-2.jpg","id":573,"alt":"","source":"library"},"background_position":"top right","background_repeat":"no-repeat","background_size":"cover","padding":{"unit":"px","top":"0","right":"30","bottom":"0","left":"30","isLinked":false},"layout":"full_width","stretch_section":"section-stretched","background_color":"#EEEEEE","custom_height_tablet":{"unit":"px","size":250,"sizes":[]},"custom_height_mobile":{"unit":"px","size":200,"sizes":[]},"background_overlay_background":"gradient","background_overlay_color":"#F0EEEE","background_overlay_color_b":"#DD9420","background_overlay_opacity":{"unit":"px","size":0.689999999999999946709294817992486059665679931640625,"sizes":[]}},"elements":[{"id":"616ae716","settings":{"_column_size":100,"_inline_size":null},"elements":[{"id":"75496b7d","settings":{"title":"Wishlist","align":"center","title_color":"#111111","typography_typography":"custom","typography_font_family":"Oswald","typography_font_size":{"unit":"px","size":75,"sizes":[]},"typography_font_size_tablet":{"unit":"px","size":50,"sizes":[]},"typography_font_size_mobile":{"unit":"px","size":40,"sizes":[]},"typography_font_weight":"400","typography_text_transform":"uppercase"},"elements":[],"isInner":false,"widgetType":"heading","elType":"widget"}],"isInner":false,"elType":"column"}],"isInner":false,"elType":"section"},{"id":"405c552","settings":[],"elements":[{"id":"51a1f85","settings":{"_column_size":100},"elements":[{"id":"5f050952","settings":{"editor":"<!-- wp:shortcode -->[yith_wcwl_wishlist]<!-- \/wp:shortcode -->","align":"center","typography_typography":"custom","typography_font_family":"Poppins","typography_font_size":{"unit":"px","size":17,"sizes":[]},"typography_font_weight":"400"},"elements":[],"isInner":false,"widgetType":"text-editor","elType":"widget"}],"isInner":false,"elType":"column"}],"isInner":false,"elType":"section"}],"page_settings":[],"version":"0.4","title":"wishlist","type":"page"}